building_id,latitude,longitude,height,type,status,building_dimensions,number_of_stories
B001,28.53538,77.373241,9,Industrial,Authorized,44x23,11
B002,28.648915,77.087588,50,Residential,Unauthorized,16x30,1
B003,28.521502,77.418125,30,Residential,Unauthorized,15x12,2
B004,28.794723,77.122655,35,Commercial,Authorized,35x19,16
B005,28.599134,77.3875,18,Residential,Authorized,26x23,1
B006,28.696709,77.209331,10,Industrial,Authorized,22x50,7
B007,28.694515,77.103878,77,Residential,Authorized,46x44,18
B008,28.734238,77.181238,97,Residential,Unauthorized,40x12,16
B009,28.879299,77.027665,65,Residential,Authorized,26x24,16
B010,28.846349,77.393044,63,Industrial,Authorized,49x21,2
B011,28.540691,77.256153,26,Commercial,Unauthorized,35x41,19
B012,28.791737,77.36308,88,Industrial,Authorized,40x34,4
B013,28.812922,77.344566,88,Residential,Unauthorized,45x36,1
B014,28.628472,77.144919,79,Industrial,Unauthorized,20x35,15
B015,28.663361,77.16298,44,Commercial,Unauthorized,21x47,4
B016,28.600566,77.475425,85,Industrial,Authorized,48x36,18
B017,28.583472,77.091682,28,Residential,Unauthorized,26x17,15
B018,28.718761,77.147466,64,Residential,Authorized,28x13,13
B019,28.528717,77.472283,75,Commercial,Unauthorized,17x40,10
B020,28.895211,77.452329,38,Residential,Unauthorized,48x29,12
B021,28.707178,77.243922,6,Commercial,Unauthorized,24x15,11
B022,28.603795,77.103619,41,Commercial,Authorized,13x28,7
B023,28.749923,77.153551,36,Commercial,Unauthorized,19x33,19
B024,28.549119,77.334852,65,Residential,Authorized,42x20,16
B025,28.623629,77.362092,84,Residential,Unauthorized,49x16,12
B026,28.702502,77.10469,43,Commercial,Unauthorized,33x45,10
B027,28.60294,77.290202,60,Residential,Unauthorized,37x22,9
B028,28.773383,77.498073,83,Industrial,Authorized,44x40,17
B029,28.755256,77.280468,75,Industrial,Authorized,11x11,4
B030,28.734692,77.167025,100,Industrial,Unauthorized,13x18,5
B031,28.8087,77.102436,51,Commercial,Authorized,35x17,2
B032,28.532707,77.40219,85,Industrial,Authorized,41x22,10
B033,28.793794,77.211012,69,Industrial,Authorized,20x50,17
B034,28.694887,77.277016,90,Industrial,Authorized,47x16,13
B035,28.84744,77.035055,41,Commercial,Unauthorized,29x31,18
B036,28.751481,77.009491,5,Industrial,Unauthorized,11x22,14
B037,28.782057,77.458374,96,Industrial,Authorized,24x42,14
B038,28.814251,77.20529,37,Residential,Authorized,37x44,11
B039,28.767581,77.14026,33,Industrial,Unauthorized,48x38,1
B040,28.665151,77.137756,42,Industrial,Authorized,13x48,7
B041,28.884756,77.328579,66,Industrial,Unauthorized,40x47,19
B042,28.570612,77.049263,36,Residential,Authorized,24x19,17
B043,28.899478,77.280242,9,Industrial,Unauthorized,39x30,20
B044,28.776725,77.241205,29,Industrial,Unauthorized,34x34,20
B045,28.785431,77.407473,11,Residential,Authorized,17x30,6
B046,28.622095,77.369008,97,Industrial,Unauthorized,45x43,15
B047,28.829208,77.320405,85,Residential,Authorized,21x17,16
B048,28.636586,77.053153,36,Residential,Unauthorized,44x25,13
B049,28.545587,77.305039,16,Residential,Unauthorized,41x26,15
B050,28.538224,77.222482,99,Commercial,Authorized,21x26,11
B051,28.774358,77.471682,6,Residential,Authorized,35x18,3
B052,28.87422,77.149303,52,Commercial,Unauthorized,40x44,7
B053,28.56747,77.26169,58,Residential,Unauthorized,12x44,12
B054,28.749047,77.436613,60,Commercial,Unauthorized,29x47,1
B055,28.663649,77.48461,9,Residential,Authorized,38x10,15
B056,28.846928,77.391649,56,Industrial,Authorized,42x35,6
B057,28.597133,77.288301,6,Industrial,Unauthorized,49x31,9
B058,28.722146,77.150231,63,Industrial,Unauthorized,11x11,9
B059,28.581516,77.491474,38,Commercial,Authorized,43x18,10
B060,28.683477,77.138016,88,Residential,Unauthorized,48x21,9
B061,28.837183,77.491971,40,Residential,Unauthorized,24x49,2
B062,28.822905,77.261903,100,Commercial,Unauthorized,46x28,3
B063,28.551131,77.285552,61,Commercial,Authorized,48x22,18
B064,28.702376,77.133981,12,Industrial,Authorized,13x16,10
B065,28.614279,77.163037,69,Residential,Unauthorized,12x40,14
B066,28.827928,77.105162,86,Commercial,Authorized,34x45,20
B067,28.88696,77.216686,33,Industrial,Unauthorized,30x23,8
B068,28.759617,77.393969,14,Residential,Unauthorized,20x36,1
B069,28.544944,77.328855,59,Industrial,Unauthorized,25x38,2
B070,28.769542,77.495725,92,Commercial,Authorized,48x37,9
B071,28.893669,77.322687,69,Residential,Authorized,38x33,12
B072,28.783205,77.439139,48,Commercial,Unauthorized,44x37,3
B073,28.859693,77.357162,68,Commercial,Authorized,22x46,13
B074,28.509221,77.493586,94,Residential,Authorized,46x40,17
B075,28.684021,77.153823,44,Industrial,Unauthorized,17x15,18
B076,28.78486,77.428977,68,Industrial,Authorized,46x34,6
B077,28.659624,77.112644,70,Residential,Authorized,35x32,15
B078,28.768449,77.370312,28,Commercial,Authorized,39x27,5
B079,28.873439,77.431194,11,Residential,Authorized,10x36,9
B080,28.643542,77.380777,69,Commercial,Authorized,23x21,5
B081,28.57679,77.465673,86,Industrial,Unauthorized,29x22,13
B082,28.72029,77.277579,45,Residential,Authorized,29x43,7
B083,28.621329,77.007468,33,Industrial,Authorized,12x39,2
B084,28.564635,77.497483,93,Residential,Unauthorized,10x16,2
B085,28.682017,77.016861,39,Industrial,Authorized,43x43,13
B086,28.676861,77.093292,18,Commercial,Unauthorized,23x50,8
B087,28.564605,77.475172,19,Industrial,Authorized,32x40,8
B088,28.660167,77.272608,68,Commercial,Unauthorized,18x26,11
B089,28.626525,77.188388,77,Commercial,Authorized,17x28,7
B090,28.874754,77.263202,99,Residential,Unauthorized,41x29,14
B091,28.620291,77.401353,32,Commercial,Authorized,48x31,20
B092,28.758304,77.453963,51,Commercial,Authorized,43x46,6
B093,28.83374,77.312575,26,Industrial,Authorized,13x19,4
B094,28.848655,77.125903,7,Commercial,Authorized,34x24,18
B095,28.734824,77.279108,77,Commercial,Unauthorized,41x26,20
B096,28.603176,77.034044,49,Residential,Unauthorized,12x43,9
B097,28.505999,77.191307,52,Industrial,Authorized,31x26,9
B098,28.751103,77.124518,47,Commercial,Authorized,44x22,15
B099,28.554973,77.087396,65,Industrial,Authorized,23x39,4
B100,28.562206,77.049207,43,Commercial,Unauthorized,37x25,1
B101,28.647274,77.261567,56,Commercial,Authorized,39x28,17
B102,28.686757,77.304919,10,Commercial,Authorized,41x15,14
B103,28.866536,77.209873,17,Commercial,Unauthorized,32x24,14
B104,28.7224,77.454731,9,Industrial,Authorized,45x16,7
B105,28.829677,77.192327,49,Commercial,Authorized,34x40,1
B106,28.791188,77.495706,52,Industrial,Unauthorized,20x18,14
B107,28.750713,77.175664,46,Commercial,Authorized,31x47,3
B108,28.711182,77.243682,6,Industrial,Unauthorized,16x29,17
B109,28.763598,77.488547,89,Residential,Unauthorized,25x22,15
B110,28.635715,77.226161,42,Industrial,Authorized,50x35,13
B111,28.518278,77.384222,13,Commercial,Unauthorized,31x44,8
B112,28.690592,77.407977,9,Residential,Authorized,13x21,4
B113,28.774378,77.424653,18,Industrial,Authorized,20x41,17
B114,28.538142,77.351631,13,Commercial,Unauthorized,21x49,1
B115,28.593449,77.255405,69,Commercial,Unauthorized,12x13,12
B116,28.500769,77.170944,18,Commercial,Unauthorized,31x49,11
B117,28.678924,77.185887,37,Residential,Authorized,46x10,5
B118,28.748962,77.367167,92,Commercial,Unauthorized,43x23,15
B119,28.724581,77.173012,41,Industrial,Unauthorized,23x47,8
B120,28.878791,77.020492,19,Commercial,Authorized,37x26,17
B121,28.58703,77.242337,40,Commercial,Authorized,15x42,18
B122,28.791977,77.316303,6,Residential,Unauthorized,26x11,10
B123,28.606047,77.002065,77,Industrial,Unauthorized,41x42,6
B124,28.722047,77.159615,39,Residential,Unauthorized,31x48,19
B125,28.562439,77.137289,67,Industrial,Unauthorized,30x24,3
B126,28.889193,77.168711,93,Residential,Unauthorized,19x19,19
B127,28.504507,77.358363,15,Industrial,Authorized,12x46,12
B128,28.604371,77.315325,33,Commercial,Authorized,13x12,3
B129,28.855043,77.364083,31,Residential,Unauthorized,38x37,4
B130,28.896819,77.103291,24,Residential,Unauthorized,42x39,14
B131,28.886669,77.106407,15,Industrial,Authorized,43x44,6
B132,28.513059,77.449903,6,Commercial,Unauthorized,50x12,20
B133,28.818942,77.139361,48,Industrial,Unauthorized,48x13,15
B134,28.857074,77.310698,38,Industrial,Authorized,18x46,1
B135,28.619139,77.489186,39,Industrial,Authorized,19x17,15
B136,28.51915,77.213213,44,Industrial,Authorized,33x19,14
B137,28.719439,77.142662,65,Residential,Unauthorized,32x39,15
B138,28.521397,77.328956,97,Residential,Authorized,13x25,13
B139,28.859036,77.282913,80,Residential,Authorized,41x18,11
B140,28.70692,77.08779,93,Commercial,Unauthorized,13x23,18
B141,28.882204,77.078938,92,Commercial,Authorized,17x41,4
B142,28.674201,77.322532,37,Commercial,Unauthorized,47x25,19
B143,28.848697,77.0895,9,Industrial,Unauthorized,21x29,13
B144,28.675851,77.214973,6,Residential,Authorized,47x40,5
B145,28.663582,77.178297,26,Residential,Unauthorized,27x20,7
B146,28.770771,77.455656,64,Residential,Authorized,18x22,14
B147,28.502477,77.480377,20,Commercial,Unauthorized,30x18,1
B148,28.809561,77.328567,48,Commercial,Unauthorized,16x32,20
B149,28.712478,77.294696,6,Residential,Authorized,27x33,9
B150,28.701692,77.046888,38,Commercial,Authorized,25x40,10
B151,28.879197,77.2471,38,Commercial,Unauthorized,34x25,7
B152,28.801262,77.211913,94,Industrial,Authorized,23x26,13
B153,28.640681,77.127205,74,Residential,Unauthorized,36x22,16
B154,28.64219,77.043738,42,Industrial,Authorized,41x31,13
B155,28.781221,77.184664,18,Commercial,Authorized,43x31,2
B156,28.66063,77.2589,11,Industrial,Authorized,17x37,4
B157,28.609845,77.158034,5,Industrial,Authorized,18x18,12
B158,28.51992,77.215353,15,Industrial,Authorized,32x32,11
B159,28.606862,77.396106,87,Commercial,Unauthorized,20x14,7
B160,28.538698,77.065282,100,Residential,Unauthorized,50x23,6
B161,28.707172,77.294487,36,Commercial,Authorized,25x17,6
B162,28.798974,77.226515,22,Industrial,Authorized,35x26,1
B163,28.552738,77.106265,62,Commercial,Authorized,26x15,12
B164,28.663952,77.182668,83,Residential,Authorized,41x11,6
B165,28.640741,77.080251,49,Residential,Authorized,39x22,8
B166,28.751303,77.135039,62,Residential,Authorized,12x50,15
B167,28.870137,77.120353,55,Industrial,Unauthorized,37x32,6
B168,28.863325,77.034407,30,Commercial,Authorized,48x13,9
B169,28.706993,77.134031,79,Commercial,Authorized,30x21,7
B170,28.542706,77.033872,52,Commercial,Authorized,21x23,6
B171,28.581611,77.360407,63,Residential,Unauthorized,44x16,19
B172,28.884002,77.325719,64,Residential,Authorized,43x36,11
B173,28.655474,77.228147,25,Residential,Unauthorized,10x10,11
B174,28.739127,77.391441,96,Commercial,Unauthorized,48x20,5
B175,28.891872,77.160706,63,Residential,Unauthorized,45x22,3
B176,28.553952,77.057833,34,Industrial,Authorized,22x14,4
B177,28.80886,77.413061,55,Commercial,Authorized,15x15,6
B178,28.664462,77.091764,48,Commercial,Unauthorized,26x47,19
B179,28.77609,77.158816,19,Residential,Unauthorized,47x38,8
B180,28.709824,77.243356,39,Commercial,Unauthorized,16x22,13
B181,28.639669,77.030619,52,Industrial,Unauthorized,45x42,15
B182,28.504155,77.022724,89,Industrial,Authorized,24x48,19
B183,28.780928,77.416578,17,Commercial,Authorized,40x30,11
B184,28.777464,77.108717,16,Residential,Authorized,48x24,3
B185,28.717945,77.223527,88,Commercial,Unauthorized,23x24,12
B186,28.878099,77.004027,89,Commercial,Unauthorized,18x36,20
B187,28.707875,77.003228,80,Commercial,Authorized,33x25,6
B188,28.623764,77.113038,95,Commercial,Unauthorized,13x48,2
B189,28.635887,77.2221,17,Industrial,Authorized,20x25,9
B190,28.697173,77.161011,48,Residential,Authorized,18x31,11
B191,28.895787,77.133994,61,Residential,Unauthorized,31x46,15
B192,28.614047,77.253555,26,Industrial,Authorized,36x20,14
B193,28.570412,77.337446,34,Industrial,Authorized,49x26,10
B194,28.695414,77.350291,100,Industrial,Unauthorized,10x42,18
B195,28.83897,77.460538,52,Industrial,Authorized,22x46,2
B196,28.780003,77.440203,91,Commercial,Authorized,45x32,18
B197,28.712939,77.150934,11,Commercial,Unauthorized,46x44,20
B198,28.536447,77.422177,85,Commercial,Authorized,39x16,6
B199,28.509951,77.32016,64,Residential,Unauthorized,10x20,5
B200,28.876055,77.282996,78,Industrial,Authorized,48x27,14
B201,28.844925,77.108216,12,Residential,Authorized,36x14,5
B202,28.71471,77.335048,76,Industrial,Unauthorized,25x24,14
B203,28.736519,77.331771,88,Commercial,Authorized,41x23,6
B204,28.820215,77.362663,48,Residential,Authorized,11x24,13
B205,28.795552,77.304376,14,Commercial,Unauthorized,34x24,6
B206,28.55665,77.418349,49,Commercial,Unauthorized,30x34,7
B207,28.53886,77.100461,62,Industrial,Authorized,11x40,4
B208,28.650345,77.420804,24,Residential,Authorized,39x41,14
B209,28.896618,77.066143,96,Industrial,Unauthorized,41x45,13
B210,28.848777,77.478887,37,Residential,Unauthorized,41x26,10
B211,28.605843,77.224717,47,Commercial,Authorized,23x17,17
B212,28.888265,77.14954,70,Commercial,Unauthorized,43x20,9
B213,28.783654,77.363387,19,Residential,Unauthorized,49x32,4
B214,28.71848,77.311968,28,Residential,Unauthorized,37x42,15
B215,28.84614,77.332583,7,Industrial,Authorized,10x30,16
B216,28.698095,77.49169,91,Commercial,Unauthorized,18x39,7
B217,28.886615,77.175443,31,Commercial,Authorized,13x18,12
B218,28.831842,77.447432,88,Commercial,Unauthorized,41x47,18
B219,28.818668,77.157759,96,Industrial,Unauthorized,47x47,11
B220,28.7475,77.385891,30,Commercial,Authorized,33x43,8
B221,28.818912,77.34119,44,Residential,Unauthorized,14x20,12
B222,28.846625,77.277772,15,Residential,Unauthorized,36x35,11
B223,28.641854,77.111649,89,Residential,Authorized,49x49,5
B224,28.884795,77.210376,19,Residential,Unauthorized,35x14,19
B225,28.825916,77.000469,9,Commercial,Authorized,13x46,11
B226,28.778744,77.487498,68,Industrial,Authorized,11x42,12
B227,28.521071,77.320831,50,Commercial,Authorized,48x50,20
B228,28.523039,77.152095,86,Commercial,Unauthorized,21x10,19
B229,28.84454,77.163081,27,Commercial,Authorized,15x27,4
B230,28.791513,77.308218,80,Commercial,Unauthorized,30x38,17
B231,28.744453,77.464397,85,Residential,Authorized,22x20,7
B232,28.880119,77.482314,35,Residential,Unauthorized,30x27,12
B233,28.64197,77.341836,46,Commercial,Unauthorized,33x34,19
B234,28.863116,77.006716,78,Commercial,Unauthorized,41x12,3
B235,28.726095,77.179144,56,Commercial,Unauthorized,25x45,13
B236,28.607883,77.425453,97,Residential,Unauthorized,44x46,2
B237,28.823213,77.010833,14,Industrial,Unauthorized,49x10,5
B238,28.55385,77.488458,67,Residential,Unauthorized,15x33,4
B239,28.879664,77.05504,10,Commercial,Unauthorized,11x35,2
B240,28.651645,77.11606,49,Industrial,Unauthorized,18x33,5
B241,28.829347,77.060115,47,Commercial,Unauthorized,15x34,2
B242,28.673312,77.379141,25,Commercial,Authorized,32x16,14
B243,28.536865,77.382422,68,Commercial,Authorized,37x22,11
B244,28.637233,77.178455,26,Industrial,Authorized,47x47,17
B245,28.764605,77.027393,60,Commercial,Unauthorized,49x11,12
B246,28.873613,77.204128,98,Residential,Unauthorized,31x17,1
B247,28.638836,77.15201,48,Commercial,Authorized,15x28,17
B248,28.528316,77.417216,56,Commercial,Authorized,44x31,7
B249,28.504832,77.348377,38,Industrial,Authorized,28x30,5
B250,28.824024,77.299675,57,Commercial,Authorized,17x44,9
B251,28.638709,77.127108,25,Residential,Authorized,31x20,18
B252,28.549728,77.321648,42,Industrial,Authorized,37x33,9
B253,28.714798,77.479205,43,Residential,Authorized,42x31,7
B254,28.872702,77.152724,96,Residential,Unauthorized,39x24,2
B255,28.692267,77.482999,67,Industrial,Authorized,46x28,12
B256,28.654558,77.058136,87,Residential,Unauthorized,14x19,11
B257,28.526846,77.319963,57,Residential,Authorized,34x16,15
B258,28.741549,77.448711,5,Residential,Unauthorized,11x22,14
B259,28.551125,77.251026,53,Residential,Authorized,27x18,3
B260,28.536012,77.020132,20,Industrial,Unauthorized,47x17,20
B261,28.884799,77.459746,77,Industrial,Authorized,12x50,3
B262,28.866053,77.448602,70,Industrial,Unauthorized,10x12,16
B263,28.798884,77.45806,5,Industrial,Authorized,30x13,5
B264,28.898012,77.212202,74,Industrial,Authorized,16x41,16
B265,28.869987,77.472014,53,Industrial,Authorized,17x49,5
B266,28.799966,77.029076,40,Industrial,Unauthorized,21x44,17
B267,28.684471,77.129397,19,Industrial,Authorized,14x14,18
B268,28.666502,77.43293,27,Commercial,Unauthorized,13x28,13
B269,28.727846,77.346307,69,Residential,Unauthorized,38x23,2
B270,28.776674,77.408472,11,Industrial,Authorized,21x44,15
B271,28.754176,77.469911,86,Commercial,Authorized,16x26,6
B272,28.818473,77.214672,73,Residential,Authorized,27x10,8
B273,28.598715,77.163478,38,Residential,Unauthorized,18x46,15
B274,28.683015,77.270027,56,Commercial,Authorized,49x30,16
B275,28.733201,77.132271,100,Industrial,Unauthorized,11x18,12
B276,28.685988,77.008861,97,Residential,Unauthorized,24x37,15
B277,28.693539,77.013794,83,Residential,Unauthorized,11x50,5
B278,28.847328,77.11285,75,Residential,Unauthorized,49x42,9
B279,28.75914,77.322545,49,Commercial,Authorized,34x41,7
B280,28.614481,77.193588,92,Commercial,Authorized,16x21,10
B281,28.522349,77.031322,5,Commercial,Unauthorized,41x11,14
B282,28.571395,77.342862,83,Industrial,Unauthorized,16x22,6
B283,28.727619,77.296266,84,Residential,Authorized,17x44,11
B284,28.690507,77.268983,74,Residential,Unauthorized,13x18,2
B285,28.795829,77.155984,83,Commercial,Authorized,38x33,12
B286,28.728372,77.268899,10,Industrial,Unauthorized,45x33,14
B287,28.84359,77.013596,26,Commercial,Authorized,31x25,3
B288,28.662458,77.294628,19,Industrial,Authorized,41x40,20
B289,28.785432,77.355463,7,Residential,Authorized,50x25,10
B290,28.502799,77.480341,49,Commercial,Authorized,22x16,20
B291,28.565233,77.195438,48,Industrial,Authorized,27x29,10
B292,28.517725,77.160069,26,Commercial,Unauthorized,30x37,8
B293,28.703056,77.385423,16,Industrial,Unauthorized,16x18,20
B294,28.819222,77.348848,14,Industrial,Authorized,10x39,4
B295,28.745417,77.460534,39,Commercial,Authorized,24x41,8
B296,28.660997,77.187603,98,Industrial,Unauthorized,31x42,8
B297,28.893638,77.198362,49,Residential,Unauthorized,21x28,18
B298,28.552768,77.416616,12,Commercial,Unauthorized,30x24,1
B299,28.591264,77.386253,84,Residential,Authorized,50x14,19
B300,28.782144,77.452653,91,Industrial,Unauthorized,43x32,15
B301,28.707015,77.273047,25,Residential,Authorized,40x35,6
B302,28.640398,77.140212,28,Commercial,Authorized,39x36,15
B303,28.878916,77.464089,83,Commercial,Authorized,28x33,8
B304,28.849774,77.044247,79,Industrial,Authorized,36x47,19
B305,28.743312,77.41219,77,Residential,Authorized,32x23,1
B306,28.758353,77.231858,35,Industrial,Authorized,44x30,3
B307,28.862072,77.331061,57,Commercial,Unauthorized,47x27,7
B308,28.577018,77.435316,97,Residential,Unauthorized,50x34,3
B309,28.817007,77.474453,26,Residential,Authorized,50x35,10
B310,28.771531,77.312386,58,Residential,Unauthorized,46x20,4
B311,28.721345,77.30386,14,Industrial,Authorized,34x24,2
B312,28.794816,77.252128,49,Industrial,Unauthorized,40x17,10
B313,28.759209,77.204805,32,Residential,Unauthorized,16x26,4
B314,28.863835,77.057963,88,Commercial,Authorized,49x48,9
B315,28.692475,77.434413,14,Residential,Unauthorized,48x19,10
B316,28.76523,77.203825,30,Residential,Authorized,47x13,16
B317,28.534535,77.287922,36,Residential,Unauthorized,37x28,14
B318,28.858708,77.412658,71,Commercial,Unauthorized,45x16,4
B319,28.6542,77.180023,44,Industrial,Authorized,15x19,19
B320,28.537619,77.06582,90,Industrial,Unauthorized,14x42,8
B321,28.742595,77.18209,24,Residential,Unauthorized,23x31,14
B322,28.671723,77.113492,70,Residential,Unauthorized,31x40,20
B323,28.7585,77.195189,94,Commercial,Unauthorized,20x27,12
B324,28.88929,77.380285,60,Industrial,Unauthorized,14x22,19
B325,28.806879,77.351016,40,Industrial,Unauthorized,15x35,19
B326,28.773811,77.301936,81,Commercial,Unauthorized,26x29,16
B327,28.740509,77.469134,7,Industrial,Authorized,44x15,9
B328,28.621794,77.416527,49,Residential,Unauthorized,24x29,15
B329,28.891281,77.122672,59,Industrial,Unauthorized,46x50,15
B330,28.677225,77.259864,39,Commercial,Authorized,35x34,13
B331,28.505333,77.469118,95,Commercial,Unauthorized,31x31,16
B332,28.857478,77.218055,93,Residential,Unauthorized,44x26,9
B333,28.790811,77.000347,87,Commercial,Unauthorized,38x32,6
B334,28.76489,77.478858,24,Commercial,Unauthorized,21x29,10
B335,28.786457,77.285328,14,Industrial,Unauthorized,10x49,15
B336,28.654291,77.490824,71,Residential,Authorized,11x49,19
B337,28.720017,77.246805,61,Industrial,Authorized,46x30,9
B338,28.653991,77.462866,84,Industrial,Unauthorized,35x48,8
B339,28.812211,77.179195,61,Residential,Unauthorized,47x29,9
B340,28.656667,77.199519,77,Commercial,Authorized,13x39,17
B341,28.503339,77.44161,41,Industrial,Unauthorized,46x11,14
B342,28.537133,77.426075,68,Commercial,Authorized,42x16,15
B343,28.610267,77.447867,17,Residential,Authorized,45x18,11
B344,28.839519,77.230188,89,Commercial,Unauthorized,27x21,15
B345,28.636567,77.174097,20,Commercial,Unauthorized,30x44,5
B346,28.584564,77.347433,29,Residential,Unauthorized,10x39,5
B347,28.886462,77.074522,12,Industrial,Unauthorized,10x34,12
B348,28.520986,77.222828,91,Industrial,Unauthorized,48x19,2
B349,28.613808,77.36757,77,Residential,Unauthorized,20x42,12
B350,28.615789,77.265408,86,Residential,Unauthorized,41x33,5
B351,28.792228,77.090674,19,Residential,Unauthorized,13x19,17
B352,28.584199,77.40707,55,Industrial,Unauthorized,14x47,1
B353,28.723442,77.246295,59,Industrial,Authorized,12x11,8
B354,28.574199,77.263538,96,Residential,Unauthorized,20x18,4
B355,28.579509,77.489854,64,Residential,Authorized,42x31,5
B356,28.701212,77.061812,55,Industrial,Unauthorized,29x35,10
B357,28.75391,77.095326,45,Commercial,Unauthorized,27x27,5
B358,28.895982,77.14694,88,Residential,Unauthorized,47x32,6
B359,28.763563,77.252688,23,Industrial,Unauthorized,13x17,18
B360,28.606688,77.330381,27,Industrial,Authorized,32x11,20
B361,28.612787,77.492965,22,Commercial,Authorized,18x45,1
B362,28.790858,77.42311,78,Residential,Authorized,39x27,5
B363,28.619397,77.256265,44,Commercial,Authorized,32x36,6
B364,28.787275,77.491735,96,Commercial,Unauthorized,12x39,18
B365,28.811765,77.182558,23,Industrial,Authorized,40x31,4
B366,28.854811,77.126006,12,Industrial,Unauthorized,14x39,13
B367,28.608523,77.369948,43,Industrial,Authorized,12x32,9
B368,28.69122,77.376463,50,Commercial,Unauthorized,19x50,4
B369,28.809612,77.297153,16,Commercial,Unauthorized,21x23,3
B370,28.677679,77.491943,25,Industrial,Unauthorized,40x50,11
B371,28.742122,77.017542,19,Commercial,Authorized,25x49,10
B372,28.752457,77.266779,7,Industrial,Unauthorized,23x41,1
B373,28.88812,77.246162,9,Industrial,Authorized,39x14,14
B374,28.564446,77.170231,12,Commercial,Unauthorized,17x22,9
B375,28.553203,77.380399,39,Commercial,Authorized,49x22,9
B376,28.562554,77.262801,38,Residential,Authorized,14x48,18
B377,28.722478,77.00835,24,Commercial,Authorized,12x50,14
B378,28.749769,77.155679,43,Commercial,Authorized,27x44,6
B379,28.886563,77.334739,82,Commercial,Authorized,18x15,6
B380,28.514496,77.27869,75,Commercial,Authorized,49x15,17
B381,28.891486,77.330936,50,Residential,Authorized,36x41,18
B382,28.601511,77.252159,80,Commercial,Unauthorized,23x15,11
B383,28.537532,77.422217,6,Industrial,Unauthorized,14x15,4
B384,28.827676,77.050656,52,Residential,Unauthorized,41x26,4
B385,28.597992,77.038949,35,Residential,Unauthorized,21x28,2
B386,28.581052,77.106945,98,Industrial,Authorized,43x43,1
B387,28.658185,77.093242,73,Residential,Unauthorized,26x44,1
B388,28.610366,77.01768,47,Residential,Authorized,24x35,14
B389,28.870753,77.053104,92,Residential,Authorized,20x40,8
B390,28.843022,77.176103,82,Industrial,Authorized,39x31,13
B391,28.67602,77.00024,50,Industrial,Unauthorized,28x24,19
B392,28.818292,77.384534,25,Commercial,Unauthorized,50x49,14
B393,28.710559,77.065979,47,Residential,Unauthorized,21x35,8
B394,28.653588,77.214792,23,Industrial,Authorized,15x12,2
B395,28.793946,77.163137,62,Residential,Unauthorized,31x44,5
B396,28.544901,77.11227,80,Commercial,Authorized,31x46,17
B397,28.779455,77.083868,56,Commercial,Unauthorized,19x40,10
B398,28.79495,77.446894,42,Commercial,Authorized,23x43,6
B399,28.787876,77.023807,94,Commercial,Unauthorized,10x33,6
B400,28.866852,77.150563,39,Residential,Authorized,21x47,17
B401,28.877049,77.397211,69,Industrial,Authorized,45x40,7
B402,28.817973,77.409286,100,Industrial,Authorized,37x24,3
B403,28.86091,77.062426,50,Commercial,Unauthorized,19x43,12
B404,28.817106,77.040217,50,Residential,Unauthorized,43x17,1
B405,28.671536,77.256304,62,Residential,Authorized,40x21,5
B406,28.894714,77.405668,97,Industrial,Authorized,17x33,14
B407,28.529937,77.256245,66,Commercial,Authorized,21x35,8
B408,28.672892,77.447467,43,Industrial,Authorized,13x14,8
B409,28.576189,77.484413,73,Residential,Unauthorized,45x48,19
B410,28.866523,77.330506,66,Commercial,Authorized,32x28,17
B411,28.854065,77.376443,58,Industrial,Authorized,38x46,17
B412,28.535103,77.387344,47,Commercial,Unauthorized,39x42,14
B413,28.607938,77.39434,40,Commercial,Authorized,49x24,18
B414,28.738678,77.219035,44,Commercial,Authorized,24x27,8
B415,28.8062,77.419226,29,Industrial,Authorized,46x35,13
B416,28.894522,77.27906,28,Commercial,Authorized,50x50,15
B417,28.776966,77.409462,90,Residential,Unauthorized,15x14,17
B418,28.652531,77.454838,30,Industrial,Unauthorized,43x19,8
B419,28.761045,77.336506,14,Industrial,Unauthorized,29x25,9
B420,28.806877,77.075928,29,Commercial,Unauthorized,37x39,14
B421,28.586474,77.246399,27,Commercial,Unauthorized,14x34,17
B422,28.659884,77.099904,46,Commercial,Unauthorized,36x46,5
B423,28.762658,77.182823,51,Commercial,Unauthorized,39x17,14
B424,28.612783,77.43888,43,Industrial,Authorized,46x24,16
B425,28.541409,77.170476,28,Commercial,Authorized,28x30,11
B426,28.548699,77.106247,8,Industrial,Unauthorized,16x20,17
B427,28.84098,77.405979,47,Residential,Unauthorized,15x40,20
B428,28.750525,77.350612,87,Commercial,Unauthorized,29x20,15
B429,28.574801,77.066485,30,Residential,Unauthorized,47x19,9
B430,28.880773,77.213866,35,Industrial,Authorized,22x33,7
B431,28.800956,77.2271,50,Commercial,Unauthorized,22x50,8
B432,28.731229,77.248832,51,Residential,Unauthorized,32x31,16
B433,28.877934,77.301832,25,Industrial,Unauthorized,32x39,6
B434,28.615964,77.482205,59,Industrial,Unauthorized,43x46,19
B435,28.621592,77.321435,20,Industrial,Authorized,49x34,7
B436,28.697956,77.202579,77,Residential,Authorized,45x35,19
B437,28.840788,77.477763,61,Residential,Authorized,20x41,6
B438,28.773102,77.283901,7,Residential,Authorized,19x11,18
B439,28.839008,77.459726,54,Industrial,Authorized,11x33,2
B440,28.636145,77.243716,27,Residential,Authorized,40x35,19
B441,28.576729,77.387772,29,Residential,Unauthorized,16x31,3
B442,28.862532,77.209017,29,Residential,Unauthorized,13x14,11
B443,28.724157,77.303852,77,Commercial,Authorized,22x19,3
B444,28.711194,77.023894,43,Industrial,Unauthorized,28x42,8
B445,28.894946,77.425547,76,Residential,Unauthorized,30x39,17
B446,28.518293,77.43211,99,Residential,Unauthorized,34x49,8
B447,28.699782,77.458662,87,Residential,Authorized,37x36,4
B448,28.671817,77.323991,80,Residential,Unauthorized,43x26,13
B449,28.765128,77.081813,86,Commercial,Authorized,26x34,9
B450,28.758918,77.475537,47,Commercial,Authorized,15x42,13
B451,28.659592,77.137997,40,Industrial,Authorized,20x31,20
B452,28.507085,77.240687,67,Industrial,Unauthorized,49x34,3
B453,28.549086,77.270737,63,Commercial,Unauthorized,34x15,14
B454,28.796641,77.415102,96,Commercial,Authorized,37x24,13
B455,28.646629,77.492418,33,Residential,Unauthorized,43x15,16
B456,28.74376,77.007855,22,Residential,Unauthorized,25x14,11
B457,28.542575,77.217431,19,Commercial,Authorized,47x28,6
B458,28.684542,77.00054,80,Residential,Authorized,35x46,18
B459,28.507904,77.304492,25,Industrial,Authorized,26x12,16
B460,28.732757,77.215258,11,Industrial,Unauthorized,30x45,9
B461,28.764717,77.071368,59,Commercial,Unauthorized,39x43,17
B462,28.778604,77.236003,11,Commercial,Unauthorized,35x16,6
B463,28.816856,77.030907,27,Residential,Authorized,28x34,17
B464,28.872368,77.11446,23,Commercial,Authorized,21x28,9
B465,28.822136,77.01055,92,Industrial,Authorized,46x24,4
B466,28.759981,77.053246,71,Commercial,Authorized,28x41,11
B467,28.885576,77.10306,41,Commercial,Unauthorized,16x44,18
B468,28.517489,77.180753,69,Industrial,Unauthorized,27x50,18
B469,28.571005,77.244961,18,Residential,Authorized,31x19,10
B470,28.599985,77.043793,100,Commercial,Authorized,11x15,16
B471,28.502327,77.388994,20,Residential,Unauthorized,21x37,11
B472,28.557217,77.472554,69,Residential,Unauthorized,11x20,16
B473,28.872217,77.057987,8,Residential,Unauthorized,29x14,13
B474,28.807056,77.304519,49,Residential,Unauthorized,24x47,16
B475,28.729751,77.110814,30,Industrial,Unauthorized,13x38,15
B476,28.683814,77.312832,72,Residential,Authorized,31x38,19
B477,28.649538,77.442319,37,Residential,Unauthorized,21x27,15
B478,28.58788,77.398678,43,Industrial,Authorized,29x44,14
B479,28.655872,77.189408,45,Commercial,Unauthorized,29x45,18
B480,28.765074,77.19365,74,Commercial,Unauthorized,10x38,18
B481,28.543344,77.285626,24,Industrial,Authorized,34x22,2
B482,28.641592,77.139222,88,Commercial,Unauthorized,22x37,7
B483,28.60935,77.000611,69,Commercial,Unauthorized,18x28,18
B484,28.817715,77.490573,73,Commercial,Unauthorized,33x24,4
B485,28.771554,77.154693,61,Commercial,Unauthorized,19x29,16
B486,28.538943,77.284598,20,Commercial,Authorized,21x34,16
B487,28.619835,77.414835,98,Residential,Authorized,44x47,10
B488,28.886377,77.134958,51,Residential,Unauthorized,16x20,18
B489,28.590122,77.462886,42,Residential,Unauthorized,46x35,10
B490,28.533271,77.027302,75,Industrial,Unauthorized,48x20,3
B491,28.794129,77.135651,66,Residential,Authorized,39x27,14
B492,28.841311,77.198157,13,Commercial,Authorized,35x29,4
B493,28.780281,77.171164,23,Commercial,Unauthorized,27x28,14
B494,28.756135,77.419582,83,Commercial,Unauthorized,37x38,16
B495,28.677426,77.029736,39,Industrial,Authorized,21x26,14
B496,28.74217,77.328151,88,Industrial,Unauthorized,46x18,13
B497,28.83214,77.214476,17,Industrial,Unauthorized,32x46,6
B498,28.756718,77.083442,44,Residential,Authorized,25x31,2
B499,28.669224,77.226402,94,Industrial,Unauthorized,11x47,13
B500,28.827102,77.427783,75,Commercial,Unauthorized,18x45,9
B501,28.823053,77.102854,92,Residential,Authorized,43x36,11
B502,28.66282,77.193972,13,Commercial,Unauthorized,19x36,3
B503,28.581773,77.353236,89,Residential,Unauthorized,24x20,11
B504,28.527721,77.312208,59,Commercial,Unauthorized,24x35,5
B505,28.867479,77.057284,20,Commercial,Authorized,34x34,3
B506,28.713917,77.362249,94,Commercial,Authorized,24x44,7
B507,28.787961,77.208644,70,Residential,Unauthorized,23x46,12
B508,28.881239,77.054623,29,Commercial,Unauthorized,46x10,19
B509,28.705678,77.062635,31,Industrial,Authorized,41x41,11
B510,28.881732,77.170796,98,Residential,Unauthorized,36x45,9
B511,28.757469,77.400635,83,Commercial,Unauthorized,38x13,16
B512,28.512707,77.408712,96,Industrial,Authorized,27x21,11
B513,28.782503,77.38227,13,Industrial,Unauthorized,11x10,15
B514,28.664017,77.458784,89,Industrial,Unauthorized,27x33,4
B515,28.895913,77.018028,90,Residential,Authorized,10x48,14
B516,28.620067,77.301363,65,Residential,Authorized,31x23,2
B517,28.851164,77.059045,43,Commercial,Authorized,16x49,4
B518,28.707574,77.001824,10,Residential,Unauthorized,12x35,2
B519,28.886596,77.137853,54,Industrial,Unauthorized,14x12,11
B520,28.613642,77.396555,53,Commercial,Unauthorized,23x46,2
B521,28.752339,77.426961,26,Residential,Authorized,35x10,1
B522,28.550423,77.41631,79,Residential,Authorized,28x36,4
B523,28.700369,77.345162,60,Residential,Unauthorized,18x46,9
B524,28.801781,77.287324,85,Industrial,Unauthorized,17x32,1
B525,28.617607,77.099322,74,Industrial,Authorized,41x12,10
B526,28.679065,77.218354,80,Residential,Unauthorized,14x36,15
B527,28.83447,77.284538,98,Residential,Authorized,35x23,16
B528,28.708868,77.331351,92,Commercial,Authorized,45x35,12
B529,28.565018,77.231866,48,Commercial,Unauthorized,42x35,18
B530,28.73148,77.268139,96,Commercial,Authorized,40x13,11
B531,28.553117,77.29488,96,Residential,Authorized,41x17,7
B532,28.802472,77.131951,51,Residential,Unauthorized,41x45,5
B533,28.515505,77.093068,47,Residential,Unauthorized,15x24,11
B534,28.880585,77.192036,98,Commercial,Authorized,36x46,3
B535,28.730268,77.260441,84,Industrial,Authorized,44x35,12
B536,28.771679,77.131338,26,Residential,Unauthorized,39x38,5
B537,28.559322,77.047208,14,Residential,Authorized,41x32,7
B538,28.633331,77.484821,18,Residential,Authorized,45x33,6
B539,28.763623,77.29406,60,Commercial,Unauthorized,44x17,9
B540,28.868637,77.304992,64,Industrial,Authorized,44x44,9
B541,28.666765,77.151944,56,Industrial,Unauthorized,22x14,6
B542,28.760252,77.488706,12,Residential,Authorized,24x46,15
B543,28.69764,77.290693,55,Residential,Authorized,11x49,18
B544,28.799019,77.00335,18,Industrial,Authorized,15x14,5
B545,28.794499,77.230226,98,Residential,Authorized,27x35,15
B546,28.626278,77.127777,71,Commercial,Unauthorized,12x33,4
B547,28.630093,77.344559,53,Residential,Unauthorized,26x31,13
B548,28.885071,77.301226,62,Industrial,Unauthorized,30x45,8
B549,28.87002,77.195711,64,Commercial,Unauthorized,15x44,9
B550,28.748207,77.446732,63,Commercial,Authorized,24x19,12
B551,28.875748,77.479301,73,Industrial,Unauthorized,36x25,7
B552,28.888473,77.262714,15,Residential,Unauthorized,28x22,4
B553,28.809995,77.252388,88,Industrial,Authorized,38x40,16
B554,28.862855,77.440478,24,Residential,Authorized,10x22,2
B555,28.567996,77.324784,50,Residential,Unauthorized,41x28,1
B556,28.839826,77.244342,34,Commercial,Authorized,45x47,14
B557,28.592801,77.471398,77,Industrial,Unauthorized,14x20,17
B558,28.538902,77.437747,61,Industrial,Authorized,13x40,13
B559,28.622608,77.015181,48,Industrial,Unauthorized,19x46,12
B560,28.661977,77.362744,60,Industrial,Authorized,35x15,9
B561,28.574394,77.095474,79,Residential,Unauthorized,38x40,16
B562,28.62103,77.037248,22,Residential,Authorized,30x17,8
B563,28.895439,77.17704,35,Industrial,Unauthorized,40x21,10
B564,28.63254,77.205336,12,Residential,Unauthorized,10x32,5
B565,28.60444,77.36167,13,Residential,Unauthorized,22x16,4
B566,28.529826,77.348896,73,Commercial,Authorized,15x42,15
B567,28.690694,77.313716,56,Commercial,Unauthorized,11x22,19
B568,28.755394,77.371682,81,Industrial,Unauthorized,14x33,13
B569,28.677596,77.114511,45,Residential,Unauthorized,13x43,1
B570,28.620506,77.451887,59,Residential,Authorized,15x12,11
B571,28.747435,77.061781,21,Residential,Authorized,36x19,5
B572,28.859432,77.304832,17,Commercial,Unauthorized,49x26,19
B573,28.762777,77.458563,43,Industrial,Unauthorized,25x50,12
B574,28.674795,77.450581,22,Commercial,Unauthorized,46x20,2
B575,28.743481,77.084962,23,Residential,Authorized,48x28,18
B576,28.732894,77.357375,9,Commercial,Unauthorized,33x40,13
B577,28.86214,77.484006,47,Industrial,Unauthorized,24x12,11
B578,28.896408,77.453563,19,Commercial,Authorized,25x48,20
B579,28.667128,77.329024,84,Industrial,Authorized,38x46,20
B580,28.792152,77.013271,67,Industrial,Unauthorized,50x26,7
B581,28.883618,77.094996,57,Residential,Unauthorized,40x50,17
B582,28.819331,77.012257,47,Residential,Unauthorized,14x25,2
B583,28.725686,77.25425,28,Industrial,Unauthorized,37x25,16
B584,28.50356,77.181981,25,Commercial,Authorized,30x50,10
B585,28.529423,77.329457,61,Industrial,Unauthorized,45x25,14
B586,28.52623,77.256437,59,Commercial,Unauthorized,44x14,15
B587,28.711569,77.039848,60,Industrial,Unauthorized,18x16,1
B588,28.538234,77.167764,37,Residential,Unauthorized,18x29,11
B589,28.647039,77.299512,30,Commercial,Unauthorized,36x10,13
B590,28.849418,77.041084,6,Residential,Unauthorized,17x40,5
B591,28.643597,77.313473,77,Industrial,Authorized,48x12,12
B592,28.593291,77.037727,69,Commercial,Authorized,22x27,1
B593,28.593754,77.04721,58,Commercial,Unauthorized,46x39,13
B594,28.812686,77.096757,90,Residential,Unauthorized,50x34,14
B595,28.83067,77.198599,63,Industrial,Authorized,46x31,3
B596,28.65073,77.252118,50,Residential,Authorized,30x39,14
B597,28.741245,77.195024,76,Industrial,Unauthorized,32x22,18
B598,28.793567,77.185032,18,Commercial,Authorized,35x22,2
B599,28.872459,77.021559,12,Industrial,Authorized,46x23,2
B600,28.708478,77.377755,71,Residential,Authorized,13x32,7
B601,28.792848,77.000414,64,Residential,Authorized,34x16,11
B602,28.512537,77.458257,96,Commercial,Unauthorized,15x31,12
B603,28.790042,77.314369,44,Industrial,Unauthorized,40x50,17
B604,28.705234,77.093202,34,Commercial,Authorized,15x14,8
B605,28.772138,77.304804,88,Industrial,Authorized,50x27,19
B606,28.742438,77.163901,29,Commercial,Authorized,24x11,17
B607,28.708155,77.315751,27,Residential,Unauthorized,35x15,10
B608,28.587059,77.099496,59,Residential,Authorized,20x29,2
B609,28.544397,77.420824,17,Industrial,Unauthorized,22x22,17
B610,28.568576,77.425823,78,Commercial,Unauthorized,40x42,10
B611,28.618236,77.085349,53,Commercial,Authorized,35x10,9
B612,28.787147,77.148568,34,Commercial,Unauthorized,41x23,4
B613,28.545089,77.299021,54,Residential,Authorized,50x41,20
B614,28.627467,77.056497,28,Industrial,Authorized,47x40,10
B615,28.762242,77.339485,27,Commercial,Unauthorized,44x50,16
B616,28.791858,77.425825,94,Industrial,Authorized,28x17,6
B617,28.82609,77.3241,36,Residential,Unauthorized,36x44,19
B618,28.681311,77.388147,47,Residential,Unauthorized,47x49,12
B619,28.704225,77.03939,71,Residential,Authorized,12x50,14
B620,28.89155,77.142347,6,Industrial,Unauthorized,38x42,19
B621,28.674802,77.009667,82,Commercial,Unauthorized,15x44,19
B622,28.727813,77.461934,13,Commercial,Unauthorized,38x40,15
B623,28.594631,77.089433,31,Commercial,Authorized,35x33,17
B624,28.541229,77.149646,16,Commercial,Authorized,44x31,4
B625,28.792188,77.44167,18,Industrial,Authorized,30x46,10
B626,28.71681,77.307654,49,Residential,Unauthorized,45x35,20
B627,28.733853,77.483502,23,Commercial,Authorized,35x22,2
B628,28.544588,77.008387,88,Commercial,Unauthorized,14x24,9
B629,28.841285,77.45538,17,Industrial,Authorized,12x32,20
B630,28.612539,77.144295,70,Commercial,Unauthorized,11x12,6
B631,28.666863,77.353753,86,Commercial,Unauthorized,18x11,7
B632,28.728903,77.227372,72,Industrial,Unauthorized,15x47,6
B633,28.650856,77.343805,32,Residential,Unauthorized,43x30,6
B634,28.888185,77.300805,93,Residential,Unauthorized,11x27,4
B635,28.598751,77.127502,30,Commercial,Unauthorized,37x33,6
B636,28.89248,77.354772,88,Commercial,Authorized,31x29,3
B637,28.510803,77.239201,28,Residential,Authorized,36x39,15
B638,28.540032,77.447851,54,Residential,Unauthorized,11x17,12
B639,28.8561,77.390452,88,Residential,Unauthorized,46x41,9
B640,28.795118,77.377778,42,Residential,Unauthorized,46x24,1
B641,28.758809,77.397447,11,Commercial,Authorized,21x39,12
B642,28.576191,77.005456,35,Residential,Authorized,15x40,4
B643,28.724999,77.360982,73,Residential,Authorized,48x14,17
B644,28.877129,77.168191,11,Residential,Unauthorized,39x19,13
B645,28.732883,77.102029,24,Residential,Unauthorized,41x26,12
B646,28.636346,77.321437,93,Residential,Authorized,23x25,1
B647,28.67519,77.387403,51,Residential,Unauthorized,32x34,20
B648,28.587077,77.372721,39,Commercial,Authorized,24x11,3
B649,28.830858,77.115347,94,Commercial,Authorized,32x26,2
B650,28.657946,77.02735,59,Industrial,Authorized,33x35,16
B651,28.753297,77.313706,44,Residential,Authorized,37x43,19
B652,28.752274,77.229872,35,Commercial,Authorized,10x50,20
B653,28.875532,77.394802,46,Commercial,Unauthorized,26x29,6
B654,28.506182,77.181017,22,Industrial,Authorized,30x15,8
B655,28.646983,77.2748,7,Residential,Unauthorized,24x17,10
B656,28.64242,77.01482,11,Residential,Unauthorized,38x10,15
B657,28.60438,77.179695,53,Residential,Authorized,24x10,20
B658,28.548469,77.377584,52,Industrial,Unauthorized,41x40,13
B659,28.846489,77.280484,65,Commercial,Authorized,21x13,14
B660,28.89078,77.337754,96,Commercial,Unauthorized,37x35,9
B661,28.543889,77.035942,92,Industrial,Unauthorized,49x14,12
B662,28.85116,77.040628,11,Industrial,Unauthorized,48x13,5
B663,28.517939,77.290596,31,Commercial,Authorized,35x48,12
B664,28.509007,77.215757,59,Commercial,Unauthorized,10x31,20
B665,28.850361,77.182168,34,Residential,Unauthorized,33x18,13
B666,28.666464,77.391808,63,Residential,Unauthorized,38x20,1
B667,28.818218,77.387378,33,Residential,Unauthorized,22x22,3
B668,28.63449,77.169604,52,Commercial,Authorized,11x49,6
B669,28.855391,77.17373,19,Residential,Unauthorized,23x22,11
B670,28.590053,77.061906,71,Industrial,Authorized,47x22,4
B671,28.56207,77.214429,27,Industrial,Authorized,34x36,18
B672,28.608744,77.261281,85,Industrial,Unauthorized,23x24,9
B673,28.798852,77.465055,14,Residential,Unauthorized,21x36,4
B674,28.74697,77.09035,43,Industrial,Unauthorized,43x28,10
B675,28.737284,77.310154,94,Industrial,Unauthorized,46x19,11
B676,28.544864,77.195118,6,Industrial,Authorized,14x15,19
B677,28.619972,77.410789,58,Industrial,Unauthorized,38x13,4
B678,28.551273,77.398811,16,Industrial,Authorized,18x10,3
B679,28.72011,77.484684,81,Industrial,Unauthorized,44x36,19
B680,28.526028,77.297655,35,Industrial,Authorized,26x40,17
B681,28.51336,77.413668,14,Industrial,Authorized,41x18,5
B682,28.839659,77.132374,23,Commercial,Authorized,23x11,4
B683,28.531064,77.20301,94,Residential,Authorized,43x35,9
B684,28.739972,77.031255,86,Commercial,Unauthorized,39x45,13
B685,28.759867,77.166604,52,Residential,Authorized,15x27,1
B686,28.741637,77.079671,20,Residential,Unauthorized,50x43,13
B687,28.882079,77.467453,26,Commercial,Unauthorized,50x37,3
B688,28.757209,77.121364,26,Residential,Unauthorized,29x42,10
B689,28.540006,77.245607,93,Commercial,Authorized,18x10,2
B690,28.620883,77.08359,7,Commercial,Unauthorized,12x49,15
B691,28.600039,77.471476,9,Residential,Unauthorized,36x37,1
B692,28.580419,77.198163,36,Commercial,Unauthorized,49x32,9
B693,28.830405,77.036423,23,Residential,Authorized,30x11,19
B694,28.656786,77.00051,85,Residential,Authorized,48x26,10
B695,28.524565,77.469074,16,Residential,Unauthorized,15x13,6
B696,28.689248,77.03245,50,Commercial,Authorized,32x20,15
B697,28.507124,77.147028,48,Residential,Authorized,13x18,15
B698,28.81785,77.240125,12,Commercial,Unauthorized,45x35,5
B699,28.604832,77.305259,93,Industrial,Authorized,21x37,2
B700,28.777822,77.187708,26,Industrial,Authorized,11x49,9
B701,28.614995,77.450148,23,Industrial,Unauthorized,29x32,19
B702,28.586625,77.253761,37,Commercial,Unauthorized,45x19,18
B703,28.628742,77.300708,86,Industrial,Unauthorized,41x31,3
B704,28.82059,77.226802,96,Residential,Authorized,12x20,3
B705,28.813826,77.140494,58,Industrial,Authorized,23x25,15
B706,28.606123,77.188969,87,Commercial,Unauthorized,25x26,19
B707,28.777567,77.12168,34,Residential,Authorized,20x34,15
B708,28.585687,77.002619,14,Commercial,Unauthorized,47x15,19
B709,28.671149,77.196263,70,Industrial,Authorized,41x36,17
B710,28.771225,77.159429,85,Commercial,Unauthorized,14x14,5
B711,28.873676,77.072395,29,Residential,Unauthorized,13x31,8
B712,28.892035,77.437046,6,Residential,Unauthorized,16x32,15
B713,28.562866,77.196944,68,Industrial,Unauthorized,30x16,5
B714,28.666419,77.272175,46,Residential,Authorized,37x32,7
B715,28.714755,77.197369,28,Residential,Unauthorized,19x21,4
B716,28.636083,77.38789,30,Industrial,Authorized,35x41,9
B717,28.736331,77.211197,33,Industrial,Unauthorized,33x41,12
B718,28.557312,77.008259,84,Commercial,Authorized,26x36,2
B719,28.770937,77.214569,9,Commercial,Unauthorized,14x14,3
B720,28.581919,77.426805,20,Industrial,Unauthorized,10x38,3
B721,28.882389,77.004298,46,Residential,Unauthorized,12x31,11
B722,28.753008,77.475137,88,Residential,Authorized,30x44,4
B723,28.572231,77.255506,28,Commercial,Authorized,26x28,6
B724,28.570611,77.272279,33,Commercial,Authorized,25x13,14
B725,28.884572,77.202097,45,Commercial,Authorized,11x28,18
B726,28.58249,77.049533,21,Residential,Unauthorized,38x19,9
B727,28.566902,77.278656,78,Commercial,Authorized,47x38,9
B728,28.801676,77.288894,55,Industrial,Authorized,19x20,6
B729,28.699483,77.410306,22,Commercial,Authorized,19x46,10
B730,28.806601,77.176031,88,Industrial,Unauthorized,44x15,15
B731,28.717783,77.050267,94,Residential,Authorized,32x40,19
B732,28.740905,77.275289,65,Commercial,Unauthorized,10x36,15
B733,28.587801,77.271885,20,Industrial,Authorized,50x25,9
B734,28.757695,77.126396,26,Commercial,Unauthorized,26x21,5
B735,28.53979,77.381019,5,Industrial,Authorized,20x32,15
B736,28.849269,77.290305,70,Residential,Unauthorized,40x49,3
B737,28.688433,77.25505,52,Residential,Authorized,28x22,1
B738,28.845761,77.234481,98,Industrial,Authorized,31x47,20
B739,28.532731,77.152802,25,Residential,Unauthorized,17x11,10
B740,28.817943,77.28633,73,Commercial,Unauthorized,11x40,19
B741,28.619438,77.396984,19,Industrial,Authorized,30x31,6
B742,28.544471,77.426734,88,Industrial,Authorized,46x30,7
B743,28.818586,77.452571,8,Residential,Authorized,25x49,14
B744,28.588066,77.049275,6,Residential,Authorized,17x42,6
B745,28.643459,77.152782,42,Commercial,Authorized,26x31,20
B746,28.697016,77.197419,90,Industrial,Authorized,40x44,19
B747,28.690033,77.283828,88,Residential,Authorized,11x18,15
B748,28.500714,77.395571,73,Residential,Authorized,31x48,12
B749,28.855245,77.479245,14,Commercial,Unauthorized,42x35,13
B750,28.780001,77.0318,72,Residential,Authorized,47x21,8
B751,28.739949,77.289382,20,Commercial,Authorized,34x19,10
B752,28.787243,77.205067,96,Commercial,Unauthorized,15x22,14
B753,28.588576,77.398356,24,Residential,Unauthorized,44x29,6
B754,28.719184,77.08911,85,Commercial,Unauthorized,13x10,9
B755,28.79818,77.185016,94,Commercial,Authorized,37x24,10
B756,28.556705,77.172222,52,Industrial,Authorized,47x47,19
B757,28.643473,77.372054,96,Residential,Unauthorized,27x21,20
B758,28.763088,77.3172,48,Commercial,Authorized,44x28,3
B759,28.769446,77.318777,58,Commercial,Authorized,24x12,6
B760,28.694768,77.265766,96,Commercial,Authorized,19x34,4
B761,28.892547,77.113655,77,Industrial,Unauthorized,17x25,18
B762,28.651926,77.236683,44,Commercial,Authorized,50x27,14
B763,28.813349,77.485478,31,Residential,Unauthorized,17x18,8
B764,28.894988,77.343571,69,Residential,Authorized,34x22,6
B765,28.801995,77.129305,18,Commercial,Unauthorized,16x10,19
B766,28.595134,77.418294,37,Commercial,Authorized,23x12,15
B767,28.728339,77.39488,78,Residential,Authorized,34x43,19
B768,28.632921,77.454015,64,Industrial,Authorized,50x23,6
B769,28.690616,77.134303,62,Industrial,Unauthorized,27x17,12
B770,28.85007,77.401872,42,Residential,Unauthorized,49x36,3
B771,28.882285,77.35205,70,Commercial,Unauthorized,45x11,14
B772,28.742961,77.152482,10,Industrial,Authorized,23x24,17
B773,28.749162,77.244401,40,Residential,Authorized,48x48,3
B774,28.514053,77.295997,18,Commercial,Authorized,24x26,3
B775,28.676216,77.259053,89,Residential,Unauthorized,46x13,13
B776,28.820053,77.042073,47,Residential,Authorized,28x15,9
B777,28.891268,77.13612,29,Industrial,Authorized,15x38,5
B778,28.660062,77.286593,74,Residential,Unauthorized,13x16,16
B779,28.555056,77.371964,16,Commercial,Unauthorized,46x14,13
B780,28.700538,77.262611,76,Commercial,Authorized,25x35,3
B781,28.773246,77.283485,32,Industrial,Unauthorized,16x47,20
B782,28.689343,77.155112,53,Residential,Unauthorized,11x33,5
B783,28.543276,77.333106,46,Residential,Authorized,25x15,8
B784,28.738653,77.448832,34,Residential,Authorized,29x36,1
B785,28.608641,77.038668,70,Residential,Unauthorized,11x35,14
B786,28.796673,77.313589,80,Industrial,Authorized,44x39,8
B787,28.749355,77.450629,76,Commercial,Authorized,14x40,7
B788,28.80287,77.223183,25,Residential,Unauthorized,18x19,10
B789,28.588552,77.352786,35,Industrial,Unauthorized,12x33,13
B790,28.570105,77.148099,97,Residential,Unauthorized,11x12,9
B791,28.747226,77.020484,28,Residential,Unauthorized,44x11,14
B792,28.84794,77.371072,66,Commercial,Unauthorized,24x11,12
B793,28.707818,77.46572,40,Commercial,Authorized,41x44,7
B794,28.525608,77.281184,7,Residential,Unauthorized,37x17,15
B795,28.667131,77.339461,87,Residential,Unauthorized,45x16,10
B796,28.649012,77.051375,46,Commercial,Authorized,48x47,5
B797,28.807569,77.006317,38,Residential,Authorized,50x20,8
B798,28.810807,77.247501,64,Commercial,Unauthorized,36x35,8
B799,28.83543,77.426656,94,Residential,Authorized,45x45,20
B800,28.629805,77.126354,26,Residential,Authorized,30x33,9
B801,28.555103,77.418288,13,Residential,Unauthorized,33x21,9
B802,28.736838,77.448446,76,Commercial,Authorized,45x17,6
B803,28.67557,77.371307,71,Industrial,Unauthorized,19x44,14
B804,28.774171,77.018674,68,Commercial,Authorized,33x49,16
B805,28.550587,77.012658,34,Residential,Authorized,26x44,4
B806,28.631192,77.120579,72,Commercial,Authorized,46x12,18
B807,28.755617,77.457819,30,Commercial,Authorized,50x40,19
B808,28.632599,77.375593,10,Residential,Authorized,33x13,18
B809,28.637731,77.028522,26,Residential,Authorized,44x45,8
B810,28.786257,77.204353,85,Residential,Unauthorized,37x28,5
B811,28.765725,77.415706,54,Residential,Authorized,15x12,16
B812,28.573941,77.401576,71,Industrial,Unauthorized,17x48,2
B813,28.741052,77.144332,26,Industrial,Unauthorized,16x20,10
B814,28.50315,77.0332,26,Commercial,Unauthorized,11x24,1
B815,28.662321,77.015023,84,Industrial,Authorized,22x35,16
B816,28.671215,77.349299,56,Commercial,Unauthorized,44x42,8
B817,28.827539,77.214509,84,Residential,Unauthorized,16x37,20
B818,28.59412,77.256345,38,Industrial,Unauthorized,16x34,8
B819,28.653556,77.237629,92,Residential,Authorized,42x11,17
B820,28.87916,77.315634,98,Residential,Unauthorized,45x29,4
B821,28.644438,77.135063,45,Industrial,Authorized,23x11,7
B822,28.866326,77.025163,75,Commercial,Authorized,21x18,1
B823,28.818836,77.234612,45,Residential,Unauthorized,10x10,6
B824,28.545022,77.012913,82,Commercial,Authorized,47x32,16
B825,28.777134,77.182847,66,Residential,Authorized,42x12,12
B826,28.6166,77.174161,9,Industrial,Unauthorized,28x27,3
B827,28.723259,77.114449,66,Commercial,Unauthorized,21x22,17
B828,28.714092,77.252254,40,Residential,Authorized,42x50,1
B829,28.733621,77.069888,13,Industrial,Unauthorized,36x18,3
B830,28.844009,77.284378,84,Residential,Unauthorized,42x10,7
B831,28.515236,77.189657,88,Industrial,Unauthorized,36x47,9
B832,28.511746,77.153464,20,Residential,Authorized,13x44,19
B833,28.762723,77.275107,6,Residential,Authorized,50x50,12
B834,28.688329,77.496421,55,Industrial,Authorized,21x20,16
B835,28.628276,77.031683,57,Commercial,Authorized,38x48,12
B836,28.867652,77.037612,54,Industrial,Authorized,35x10,20
B837,28.528947,77.199727,61,Residential,Unauthorized,16x13,7
B838,28.681589,77.35036,54,Residential,Unauthorized,43x28,12
B839,28.599324,77.451078,95,Industrial,Authorized,33x27,5
B840,28.859557,77.349153,63,Industrial,Unauthorized,29x33,8
B841,28.828387,77.146682,73,Industrial,Authorized,43x13,17
B842,28.52149,77.353327,62,Industrial,Unauthorized,47x36,12
B843,28.527467,77.397264,29,Residential,Unauthorized,25x38,20
B844,28.653533,77.36265,49,Residential,Authorized,47x17,7
B845,28.629183,77.346659,25,Residential,Authorized,30x49,11
B846,28.840307,77.364807,74,Industrial,Authorized,16x49,19
B847,28.733374,77.182796,95,Commercial,Unauthorized,17x27,10
B848,28.789113,77.165958,57,Industrial,Authorized,28x15,19
B849,28.854267,77.090433,10,Commercial,Unauthorized,20x12,10
B850,28.564442,77.338484,67,Residential,Unauthorized,18x18,5
B851,28.72985,77.49014,61,Industrial,Authorized,47x14,1
B852,28.640736,77.105224,81,Industrial,Unauthorized,21x47,13
B853,28.515013,77.088015,32,Residential,Unauthorized,36x13,13
B854,28.563015,77.128615,87,Industrial,Authorized,28x45,16
B855,28.863537,77.404049,86,Residential,Authorized,40x28,15
B856,28.781399,77.490115,81,Commercial,Authorized,15x23,15
B857,28.867359,77.380725,17,Residential,Unauthorized,39x44,15
B858,28.543936,77.112635,19,Residential,Unauthorized,43x23,10
B859,28.709735,77.007153,89,Residential,Unauthorized,49x31,12
B860,28.578547,77.490129,17,Industrial,Unauthorized,33x35,11
B861,28.742486,77.448748,56,Industrial,Unauthorized,28x40,2
B862,28.80935,77.107614,16,Residential,Authorized,43x37,7
B863,28.726906,77.210987,59,Commercial,Unauthorized,33x38,19
B864,28.607241,77.113901,93,Industrial,Unauthorized,20x24,1
B865,28.717473,77.462916,51,Commercial,Authorized,40x33,13
B866,28.628738,77.049972,85,Residential,Unauthorized,45x40,7
B867,28.623729,77.040149,78,Commercial,Unauthorized,13x18,7
B868,28.866655,77.438001,79,Residential,Authorized,45x31,11
B869,28.635516,77.032576,51,Industrial,Authorized,16x36,3
B870,28.644516,77.071243,29,Industrial,Authorized,25x36,10
B871,28.503677,77.253534,36,Industrial,Authorized,49x20,17
B872,28.814548,77.304421,82,Commercial,Authorized,22x26,10
B873,28.60092,77.282432,38,Industrial,Authorized,41x16,17
B874,28.684882,77.443847,11,Industrial,Unauthorized,24x14,7
B875,28.821453,77.387179,29,Commercial,Unauthorized,50x16,19
B876,28.682026,77.026024,65,Industrial,Unauthorized,17x20,8
B877,28.557815,77.433663,86,Residential,Authorized,34x35,15
B878,28.820018,77.336999,43,Residential,Unauthorized,16x34,1
B879,28.541773,77.176261,9,Residential,Authorized,27x21,7
B880,28.562942,77.420099,87,Industrial,Authorized,23x18,11
B881,28.813632,77.343029,70,Industrial,Authorized,48x14,7
B882,28.692284,77.406232,91,Industrial,Unauthorized,17x32,18
B883,28.816284,77.151705,49,Residential,Authorized,42x14,12
B884,28.708465,77.491967,93,Residential,Authorized,46x33,7
B885,28.587948,77.045176,76,Residential,Unauthorized,28x10,5
B886,28.623322,77.473627,86,Commercial,Unauthorized,39x10,20
B887,28.852556,77.18756,34,Commercial,Unauthorized,26x16,11
B888,28.809859,77.0073,14,Residential,Authorized,21x41,8
B889,28.878503,77.179879,89,Residential,Unauthorized,48x22,20
B890,28.85869,77.055031,13,Residential,Authorized,30x39,7
B891,28.771805,77.053918,54,Industrial,Unauthorized,35x15,4
B892,28.682883,77.323257,22,Industrial,Unauthorized,16x44,19
B893,28.845077,77.206314,50,Commercial,Unauthorized,35x41,7
B894,28.832854,77.350769,36,Industrial,Authorized,17x37,19
B895,28.534827,77.44006,61,Residential,Unauthorized,43x36,17
B896,28.847306,77.07714,39,Residential,Unauthorized,12x16,4
B897,28.728883,77.287227,45,Residential,Unauthorized,12x19,5
B898,28.506371,77.13669,97,Industrial,Authorized,13x43,8
B899,28.870413,77.320502,64,Commercial,Unauthorized,45x22,2
B900,28.76645,77.37918,20,Residential,Authorized,21x45,17
B901,28.895285,77.432946,79,Commercial,Unauthorized,38x36,7
B902,28.820491,77.334607,42,Residential,Unauthorized,22x22,9
B903,28.661446,77.338096,21,Commercial,Authorized,49x47,18
B904,28.723378,77.304148,96,Industrial,Authorized,37x18,14
B905,28.575728,77.242045,92,Industrial,Authorized,33x19,15
B906,28.674064,77.377434,23,Commercial,Authorized,43x41,14
B907,28.525337,77.339619,25,Residential,Authorized,20x24,7
B908,28.784821,77.054004,94,Commercial,Unauthorized,19x27,2
B909,28.730281,77.489895,75,Commercial,Authorized,36x27,16
B910,28.522506,77.064601,98,Industrial,Unauthorized,50x16,17
B911,28.600194,77.030523,59,Commercial,Authorized,38x38,3
B912,28.874177,77.224075,92,Residential,Unauthorized,13x41,9
B913,28.613512,77.386572,100,Commercial,Unauthorized,30x47,3
B914,28.541811,77.226822,89,Residential,Unauthorized,47x20,12
B915,28.650731,77.48758,86,Industrial,Unauthorized,46x44,4
B916,28.56499,77.261941,58,Commercial,Authorized,14x16,8
B917,28.579467,77.313116,49,Industrial,Unauthorized,22x32,17
B918,28.7695,77.022604,42,Commercial,Authorized,29x22,13
B919,28.708916,77.026995,41,Residential,Unauthorized,22x35,6
B920,28.547161,77.029725,38,Residential,Unauthorized,38x10,6
B921,28.884573,77.186919,75,Residential,Unauthorized,13x26,20
B922,28.716285,77.036791,66,Industrial,Authorized,28x45,10
B923,28.700277,77.136694,62,Residential,Authorized,45x41,3
B924,28.868895,77.344705,80,Industrial,Authorized,50x39,11
B925,28.628579,77.202032,55,Commercial,Authorized,36x33,1
B926,28.781224,77.474659,76,Industrial,Unauthorized,49x18,13
B927,28.675563,77.271942,44,Residential,Authorized,39x44,11
B928,28.770208,77.164079,15,Commercial,Authorized,10x45,17
B929,28.788888,77.373863,81,Commercial,Unauthorized,28x26,18
B930,28.715131,77.37092,13,Residential,Unauthorized,30x33,7
B931,28.826962,77.126128,53,Industrial,Authorized,48x32,5
B932,28.667467,77.205973,65,Commercial,Authorized,13x32,15
B933,28.819691,77.456985,8,Commercial,Authorized,29x50,10
B934,28.504272,77.397232,16,Commercial,Unauthorized,48x21,18
B935,28.61988,77.054963,71,Residential,Authorized,16x45,4
B936,28.88043,77.007715,64,Industrial,Authorized,50x41,9
B937,28.658376,77.0623,65,Residential,Authorized,38x14,16
B938,28.520803,77.115451,80,Commercial,Unauthorized,18x32,3
B939,28.75282,77.262031,98,Industrial,Authorized,13x33,5
B940,28.641481,77.237562,17,Industrial,Unauthorized,45x39,18
B941,28.662396,77.173246,96,Industrial,Unauthorized,20x27,3
B942,28.555204,77.087564,96,Commercial,Unauthorized,36x47,2
B943,28.896362,77.292031,30,Commercial,Unauthorized,22x20,15
B944,28.882405,77.455023,83,Industrial,Unauthorized,33x27,18
B945,28.878348,77.084855,20,Commercial,Authorized,40x34,16
B946,28.819669,77.118373,22,Commercial,Unauthorized,34x15,16
B947,28.598227,77.026698,61,Industrial,Unauthorized,47x42,12
B948,28.885366,77.169647,78,Commercial,Authorized,12x44,14
B949,28.850193,77.177145,52,Commercial,Unauthorized,29x11,4
B950,28.642697,77.275848,94,Residential,Authorized,45x29,20
B951,28.671053,77.464362,39,Residential,Unauthorized,29x46,12
B952,28.669594,77.077824,28,Industrial,Unauthorized,18x41,17
B953,28.651434,77.068019,9,Industrial,Authorized,23x12,6
B954,28.887651,77.178571,41,Commercial,Unauthorized,25x16,7
B955,28.51681,77.467626,45,Industrial,Authorized,38x21,13
B956,28.669321,77.142177,8,Commercial,Unauthorized,34x41,8
B957,28.703403,77.474082,30,Commercial,Authorized,39x23,3
B958,28.801278,77.063229,93,Commercial,Authorized,14x26,4
B959,28.627747,77.37295,84,Residential,Unauthorized,46x28,5
B960,28.891614,77.339984,10,Commercial,Authorized,46x27,17
B961,28.814113,77.08495,17,Residential,Authorized,25x48,1
B962,28.509165,77.310723,56,Industrial,Unauthorized,29x17,7
B963,28.865589,77.432361,92,Residential,Unauthorized,11x30,20
B964,28.870301,77.035535,56,Residential,Unauthorized,27x28,8
B965,28.668217,77.375989,19,Industrial,Authorized,45x19,13
B966,28.609011,77.295994,48,Industrial,Unauthorized,43x42,1
B967,28.700206,77.132111,58,Industrial,Authorized,41x13,18
B968,28.554547,77.363236,99,Industrial,Unauthorized,35x45,12
B969,28.50795,77.198848,6,Industrial,Authorized,48x15,12
B970,28.830498,77.191523,29,Commercial,Unauthorized,11x13,4
B971,28.790121,77.063541,35,Commercial,Unauthorized,39x23,10
B972,28.67829,77.273504,46,Industrial,Unauthorized,14x27,3
B973,28.711925,77.031664,83,Industrial,Unauthorized,12x45,8
B974,28.695018,77.463172,57,Commercial,Authorized,48x19,9
B975,28.512918,77.052378,91,Commercial,Unauthorized,50x33,12
B976,28.747644,77.24042,10,Residential,Authorized,22x34,11
B977,28.516776,77.194242,68,Industrial,Authorized,50x49,11
B978,28.861413,77.036884,56,Industrial,Authorized,21x22,7
B979,28.796914,77.417493,86,Commercial,Unauthorized,43x14,15
B980,28.761648,77.141248,99,Industrial,Authorized,48x42,12
B981,28.739765,77.340114,16,Industrial,Unauthorized,44x33,6
B982,28.697822,77.010702,49,Residential,Unauthorized,19x27,20
B983,28.642571,77.078386,71,Industrial,Unauthorized,16x41,9
B984,28.737803,77.104654,46,Industrial,Authorized,38x42,3
B985,28.769423,77.324478,30,Industrial,Authorized,45x32,20
B986,28.614938,77.236068,99,Industrial,Unauthorized,40x16,13
B987,28.841677,77.350533,22,Industrial,Authorized,38x17,16
B988,28.547013,77.086661,20,Commercial,Authorized,20x28,7
B989,28.515142,77.300447,88,Industrial,Unauthorized,22x22,20
B990,28.611295,77.280825,23,Commercial,Unauthorized,40x17,15
B991,28.762121,77.284391,79,Commercial,Authorized,41x12,15
B992,28.692406,77.185751,27,Commercial,Unauthorized,13x25,16
B993,28.73278,77.340828,81,Commercial,Unauthorized,41x21,2
B994,28.597946,77.195421,38,Residential,Unauthorized,32x17,2
B995,28.880235,77.144984,11,Residential,Unauthorized,43x14,4
B996,28.727657,77.480518,66,Residential,Unauthorized,45x37,14
B997,28.548212,77.438208,31,Residential,Authorized,15x47,3
B998,28.833689,77.406119,81,Residential,Authorized,20x22,17
B999,28.878407,77.327534,5,Commercial,Unauthorized,50x11,15
B1000,28.666616,77.221851,19,Commercial,Unauthorized,18x38,1
